素材,菜名,主要食材,做法,当前匹配菜谱
food-combinations/tomato_scrambled_eggs,番茄炒蛋,tomato+egg,炒,番茄炒蛋
food-combinations/garlic_bok_choy,蒜蓉青菜,bokchoy,炒,保留素材，未匹配当前菜库
food-combinations/mapo_tofu,麻婆豆腐,tofu+pork+chili,炖,保留素材，未匹配当前菜库
food-combinations/green_pepper_beef,青椒牛肉,bell_pepper+beef,炒,保留素材，未匹配当前菜库
food-combinations/mushroom_tofu_soup,香菇豆腐汤,mushroom+tofu,煮,香菇豆腐汤
food-combinations/glazed_chicken_wings,红烧鸡翅,chicken_wings,炖,保留素材，未匹配当前菜库
food-combinations/salmon_asparagus,香煎三文鱼配芦笋,salmon+asparagus,煎,保留素材，未匹配当前菜库
food-combinations/shrimp_avocado_salad,牛油果虾仁沙拉,shrimp+avocado,拌,保留素材，未匹配当前菜库
food-combinations/braised_pork_belly,红烧肉,pork_belly,炖,保留素材，未匹配当前菜库
food-combinations/green_pepper_scrambled_eggs,青椒炒蛋,bell_pepper+egg,炒,保留素材，未匹配当前菜库
food-combinations/steamed_rice,米饭,rice,蒸,保留素材，未匹配当前菜库
food-combinations/beef_noodle_soup,牛肉汤面,beef+noodles,煮,保留素材，未匹配当前菜库
food-combinations/tomato_pasta,番茄意面,tomato+noodles,煮,番茄意面
food-combinations/broccoli_mushroom_stir_fry,西兰花炒蘑菇,broccoli+mushroom,炒,保留素材，未匹配当前菜库
food-combinations/shrimp_fried_rice,虾仁炒饭,shrimp+rice+egg,炒,保留素材，未匹配当前菜库
food-combinations/pumpkin_soup,南瓜浓汤,pumpkin,煮,保留素材，未匹配当前菜库
food-combinations/fried_egg_plate,煎蛋,egg,煎,保留素材，未匹配当前菜库
food-combinations/beef_potato_stew,土豆炖牛肉,beef+potato,炖,保留素材，未匹配当前菜库
food-combinations/wonton_soup,馄饨汤,wonton,煮,保留素材，未匹配当前菜库
food-combinations/grilled_chicken_salad,鸡肉沙拉,chicken+lettuce,拌,保留素材，未匹配当前菜库
food-expansion-24/garlic_lettuce,蒜蓉生菜,lettuce,炒,蒜蓉生菜
food-expansion-24/sweet_sour_pork,糖醋里脊,pork,炸,保留素材，未匹配当前菜库
food-expansion-24/stir_fried_potato,炒土豆丝,potato,炒,醋溜土豆丝
food-expansion-24/steamed_fish,清蒸鱼,fish,蒸,保留素材，未匹配当前菜库
food-expansion-24/salmon_steak,香煎三文鱼,salmon,煎,保留素材，未匹配当前菜库
food-expansion-24/stir_fried_broccoli,清炒西兰花,broccoli,炒,蒜蓉西兰花
food-expansion-24/kung_pao_chicken,宫保鸡丁,chicken+peanuts+chili,炒,保留素材，未匹配当前菜库
food-expansion-24/fish_fragrant_pork,鱼香肉丝,pork+carrot+wood_ear,炒,保留素材，未匹配当前菜库
food-expansion-24/garlic_eggplant,蒜香茄子,eggplant,炒,保留素材，未匹配当前菜库
food-expansion-24/stir_fried_mushrooms,炒蘑菇,mushroom,炒,黄油炒蘑菇
food-expansion-24/corn_shrimp,玉米虾仁,corn+shrimp,炒,保留素材，未匹配当前菜库
food-expansion-24/shrimp_broccoli,西兰花炒虾仁,broccoli+shrimp,炒,保留素材，未匹配当前菜库
food-expansion-24/sour_cabbage_fish,酸菜鱼,fish+pickled_cabbage,煮,保留素材，未匹配当前菜库
food-expansion-24/winter_melon_meatball_soup,冬瓜丸子汤,winter_melon+meatball,煮,保留素材，未匹配当前菜库
food-expansion-24/tomato_egg_soup,番茄蛋花汤,tomato+egg,煮,番茄蛋花汤
food-expansion-24/shiitake_tofu_soup,香菇豆腐汤,mushroom+tofu,煮,保留素材，未匹配当前菜库
food-expansion-24/seaweed_egg_soup,紫菜蛋花汤,seaweed+egg,煮,保留素材，未匹配当前菜库
food-expansion-24/egg_fried_rice,蛋炒饭,rice+egg+carrot,炒,蛋炒饭
food-expansion-24/spaghetti_bolognese,番茄肉酱意面,tomato+pork+noodles,煮,保留素材，未匹配当前菜库
food-expansion-24/mushroom_pasta,蘑菇意面,mushroom+noodles,煮,保留素材，未匹配当前菜库
food-expansion-24/ramen,拉面,noodles+pork+egg,煮,保留素材，未匹配当前菜库
food-expansion-24/udon_tempura,天妇罗乌冬,udon+shrimp,煮,保留素材，未匹配当前菜库
food-expansion-24/dumplings,煎饺,dumpling,煎,保留素材，未匹配当前菜库
food-expansion-24/baozi,包子,baozi,蒸,保留素材，未匹配当前菜库