asset,dish,width,height,transparent,edge_contact,sha256,pixel_hash,selected_for,duplicate_of
/assets/library/food-20260926/food_cards/creamy_mushroom_pasta.png,奶香蘑菇面,1254,1254,True,True,fd6b3bb369adcbe0f707bae9f47c624d850d6ebecf55932051c3bba46f56e37c,9da2a694ced07dc9df9d21b76a2100153ab4ed0931be5394998bcf1eacbbbdeb,,
/assets/library/food-20260926/food_cards/miso_tofu_soup.png,香菇豆腐汤,1254,1254,True,True,875a97aa191615370ddb1079b57f7d65ba9be8900054339fb7fe52c22ad3212d,9292c7dfea39ff90934968d3947e3209c824306e0ad1444129105b18810cc2ca,,
/assets/library/food-20260926/food_cards/potato_egg.png,土豆炒鸡蛋,1254,1254,True,True,ecc4f1c33ddaf0b8572d2c6f71929c597ec3a05d631b5988c669b1f95dc12ee0,8db272cad69cd3ea7bfb7e809382a49fceb8a69377ff966f28c222c65d27477b,土豆炒鸡蛋,
/assets/library/food-clean-v3/bacon_egg_cheese_pasta.png,bacon_egg_cheese_pasta,768,768,True,False,8e4c06eab401a2ce4882836d03271806a6f63b9c772ef7f54265e25a3dfb726e,c2c2af62976ef546dc5b11e815f02e9f7a2778e2a0839193b80fff775e28ae48,,
/assets/library/food-clean-v3/basil_cheese_pasta.png,basil_cheese_pasta,768,768,True,False,ff1e032c8c0fd97fe701805853dff1c9ee59e790a1a0265fd25c3cbd936e2c68,cf721ab342a11203c001d1ca9e6e4cd5ae94e519006e8fc37c897c81d7e59ec8,,
/assets/library/food-clean-v3/beef_green_pepper_stir_fry.png,青椒牛肉,768,768,True,False,c6c98246932edd92f42f0811aced1dedf9b6312542b1463e03d1149d2624ff3e,375a08102bbec847a7363936b178f5fc78c30fc569604475c2a2fa3ca1b4e25b,,
/assets/library/food-clean-v3/beef_onion_stir_fry.png,beef_onion_stir_fry,768,768,True,False,7c4e323b5e16a24994a28b41dc643fe97f3d6b9874722cd76f6b8154c1ace578,0517e03ac651bba77496755e54226c0c712335858a7b9be895863b625c41c47d,,
/assets/library/food-clean-v3/beef_rosemary_pan_fry.png,beef_rosemary_pan_fry,768,768,True,False,d3ba8e9d7c74e83d96f0921ab28c1ad9ae56669efb19a849c07beab94d498585,a8cf572406bc3bf57a6181747d18670f52fae2008df823b7f7fc8fd303f85d85,,
/assets/library/food-clean-v3/beef_tomato_pasta_simmer.png,beef_tomato_pasta_simmer,768,768,True,False,68dff63bb6e581960b68221905fa456b237563f61d9214b24644f387f1f4ca83,32acacdbf90109fefd458c76f8428b8818840548848b42e313f1b99b8e87a495,,
/assets/library/food-clean-v3/bok_choy_garlic_stir_fry.png,蒜蓉青菜,768,768,True,False,30e0bc148d36b5e66abe043913c536d6128b64256729882e2bb9b65fb77f4175,5a0ef40858b025dfc9d0b391b76e4f9d67c71843ad348be0d96909bd7d03199f,,
/assets/library/food-clean-v3/cabbage_chili_stir_fry.png,cabbage_chili_stir_fry,768,768,True,False,71f4b5d2c446f8556cbe34b5701a0e9c5a90416a9915f48737c9c847a365472a,52639144b1e8b3fc58ce0d3963c15505a66953b23a7a800c63e08dfa382205b1,,
/assets/library/food-clean-v3/chicken_cola_braise.png,chicken_cola_braise,768,768,True,False,cd661062deda39b5088abc38bb18a7827c49e2a1c5e862c36e6331f61dcf7aca,1e5a43411c504cdfc0f2588ed80ea2f6be004e66e1e1e5bc06c226dabcd985bd,,
/assets/library/food-clean-v3/chicken_herbs_roast.png,chicken_herbs_roast,768,768,True,False,88cefd336c389ea8534fb7fefb882ee6428615f2ec483251e65067b7fcd79091,5210d5170a90809b8219f029dfb7dacc642b9b1aebdb1b68978df58d5280e59a,,
/assets/library/food-clean-v3/corn_milk_soup.png,corn_milk_soup,768,768,True,False,ff1a300a44dba970f2fa52be24b465a72a39eb395fcc2639d1b2bbbb9ca136bf,5c597df570f071b0553d7083ed6a2c79ffbc15f880287033ddce1e3840783f4f,,
/assets/library/food-clean-v3/corn_pork_rib_soup.png,corn_pork_rib_soup,768,768,True,False,d8e27f3d52d6a836fe3a2c733a9ab9c76a6789c98beaf08be6380511cdd89c01,56211abcbf5923e8ccdacc0016a7022d88a1983e01b737f2411456e65ae91aef,,
/assets/library/food-clean-v3/eggplant_garlic_stir_fry.png,蒜香茄子,768,768,True,False,f4264ff0f636f07b324c60d91282407811340c70d477dac9be8edb19ba0977e5,b56476f424617cbff01eafb16897d37c5b8830aa7ccf06d5dd4651bb7fc7d080,,
/assets/library/food-clean-v3/mixed_vegetables_stir_fry.png,mixed_vegetables_stir_fry,768,768,True,False,e6f7ffbf7c3e951696a1983502c1d2cc31a5432d81c80d250b874fa13d8f6651,cebc52da3ec1769bca3b7c196017631bb3f82b5824c92167d4cab94b4882b5ce,,
/assets/library/food-clean-v3/mushroom_cream_pasta.png,奶香蘑菇面,768,768,True,False,7c76561773f2036fb6d00ec888a1d62d11f39fefd1fc94ebe1ff9c875f15d3ba,8fa4897ef2c5c001a3ef310252c81ea5c44b2bc014e725f9c868b71fe931475c,奶香蘑菇面,
/assets/library/food-clean-v3/mushroom_stir_fry.png,炒蘑菇,768,768,True,False,26fa472d2d8af9c5201e11ab79d84d4ecd7d8ef05ea6022791fc55b05bd3e5da,5191a5d0abdb9bca5d1e146522d5a6b389ee86d75c38b3bf3871df7e47a636c0,黄油炒蘑菇,
/assets/library/food-clean-v3/pork_chop_pan_fry.png,pork_chop_pan_fry,768,768,True,False,be6c42efbc7e4c9034a8503baa52674f45861dfe62b78a44e47a790a1da86f23,0df7c9bc1dae423ba5e8f95bb3fc7eb4fa17979b1aadf182cee70456d4f61bc8,,
/assets/library/food-clean-v3/potato_rosemary_roast.png,potato_rosemary_roast,768,768,True,False,292c1e0afd9d5a008bf07d00bbe8727bf977286163cc9fcf95ef6338b47c0911,d49399199b24a66682a90c4ae6ba26129a6f7be35a658c311d0add5682d0ffbd,,
/assets/library/food-clean-v3/pumpkin_garlic_stir_fry.png,pumpkin_garlic_stir_fry,768,768,True,False,04a463a9cf900ee070460142ed781c1d928fc3460dc889f9d52f554745e9db9d,6fa129c9148312f8293d341061a4d3abf3aaf554068c2072652a3b672ba2388e,,
/assets/library/food-clean-v3/salmon_lemon_pan_fry.png,salmon_lemon_pan_fry,768,768,True,False,3aad6c5e08188992c94f695fbb969b68cfa92091f8508fdf8915405d160c9ef9,e65a9e992f2861f6714765407110f9f3a05983f385782cf08087ee80f217e4b7,,
/assets/library/food-clean-v3/salmon_teriyaki_pan_fry.png,salmon_teriyaki_pan_fry,768,768,True,False,4fe279e1f2ab1858b7edb61fee98c58ebca3a1d92033b680869b80ec76e7ea9a,8da8ca9d54f81320abfc59c0324606c6ecb31726014a5c682a45b9f94487efd2,,
/assets/library/food-clean-v3/shrimp_garlic_stir_fry.png,shrimp_garlic_stir_fry,768,768,True,False,4993b268d8271a1a00ee1fa18a8e4fc05ec8db04d9649e82de9cc2001ec851ea,26817df698f25e0df30b92be00a9cb580c02aa2fae9f624095babdbd306a42a0,,
/assets/library/food-clean-v3/shrimp_rice_egg_vegetable_stir_fry.png,虾仁炒饭,768,768,True,False,b095548161582e4c8fbced2ef124e39cba692cf2734f0d4702f05c2c95164b0c,274bded49eae264ddd7489675cf5f6382ad47926002af496633d39eea5bf23a0,,
/assets/library/food-clean-v3/shrimp_tofu_vegetable_hotpot.png,shrimp_tofu_vegetable_hotpot,768,768,True,False,82b6f1975dda6d14712dc1179b1b4805950f4588070e68119c6e5b56b84fccfd,2682580a06f811622cde49b39d5a170011c80d1c251f2499c6d52db356485cc8,,
/assets/library/food-clean-v3/shrimp_tomato_pasta.png,shrimp_tomato_pasta,768,768,True,False,b3a87af9cb1a7e84922656356f6426400ef51b08a75ec106bef6d560bad24d58,41384bb8785ac932ad7972cb18e749e6e1e7b00f2745ea486a1f7f858d1aab9b,,
/assets/library/food-clean-v3/tofu_minced_pork_stir_fry.png,tofu_minced_pork_stir_fry,768,768,True,False,c12954e1a90ebefc34a06bb8f3c5b33af82e5680807b201354fd88aa5a40eac6,9fecb18d723c0694c199c182fc7a94c9c9e99c869ae196302fad1931a29cd04a,,
/assets/library/food-clean-v3/tofu_seaweed_soup.png,tofu_seaweed_soup,768,768,True,False,49eec1322a24e442780b7ef1e9a8fde5a0e74ebbdcabf23c9c703c5a1ba74424,4d06bfb571582609d09567a30906d65ef1a2249dba0714b19cfb5c97e3a72818,,
/assets/library/food-clean-v3/tomato_egg_soup.png,番茄蛋花汤,768,768,True,False,a1c07d650d1b10332ee95812785752f307bd41e0ee7ed1c8898742e7d3fd19cc,95a519452af10f5775c8b8b824e33b296a19820bad8e653bc6d972fde6973e93,番茄蛋花汤,
/assets/library/food-clean-v3/tomato_egg_stir_fry.png,番茄炒蛋,768,768,True,False,56d37f59404b0339456939bb802ed60651d0d28cf28b574fa6ce69165b7e4c15,16efa471039200f120b90e47ae6ac204202e6583e3577a14c302d10b76054114,番茄炒蛋,
/assets/library/food-clean-v3/winter_melon_pork_meatball_soup.png,冬瓜丸子汤,768,768,True,False,d812dd7a8884d8d4371c47c4cb9626ef161d1acc06becc090d5773e02d586d53,19815fa27412a512b4ca452b52e23f77bc12ba667a9d7c7476911a81368bb1cd,,
/assets/library/food-combinations/beef_noodle_soup.png,牛肉汤面,512,512,True,False,3d913abb14d54bbe76e44a6e773587990c58a600f4583c0ebf9e402f797ef2c0,c8806bcaaa3240eca8d5423f716ec5704ca79bf9987207d2e9e1f90ce077cbc5,,
/assets/library/food-combinations/beef_potato_stew.png,土豆炖牛肉,512,512,True,False,429fba7d2d0c1085645b9b645d74803f7235be3bc20364ca03f228d6465d3ec2,42520fba6c48d615800b0449ebf2709c977b46575d41c3349a1d024273eb0e46,,
/assets/library/food-combinations/braised_pork_belly.png,红烧肉,512,512,True,False,a9ff47b47866cfa2375f09818d15d0abd31a31bda1d2b2809750ad9a39f9ae27,629ae5286068f571a716eeda7688c9ce103aa09d9e796392594ee04bd80dd658,,
/assets/library/food-combinations/broccoli_mushroom_stir_fry.png,西兰花炒蘑菇,512,512,True,False,85f5115c33babac1bab02478f6ceaf9c02b2bd8f06701cfffbee4c3bc242bdcf,e7a2a0859a0d8466b03ca6312ab34ca27fee7e9892339a2f21b2eb416c173872,,
/assets/library/food-combinations/fried_egg_plate.png,煎蛋,512,512,True,False,9b09e1fa01e40e3954248409d487cd09c5ed0a35fa10eea74545532ce1b42d40,e491a8b7f442aba48a84947b24591a6539aabe514d6a9842fc1b4d43ca660bdb,,
/assets/library/food-combinations/garlic_bok_choy.png,蒜蓉青菜,512,512,True,False,e0f17069bc4a9c5f53308d64458e2d85c59e1f7c681196af7e581c70d72c5c31,ef782d9de7e021d1c459ec649fc88c1c6531c7722014615f9bd0631881280bf1,,
/assets/library/food-combinations/glazed_chicken_wings.png,红烧鸡翅,512,512,True,False,5c1fc6542e4eabc76689391940014953ba4a70e854ab3c05b8b93c108057080a,fd5a7f482215745825597637aeaf0618b763ad2fd9c4f81b0598509205e5c70e,,
/assets/library/food-combinations/green_pepper_beef.png,青椒牛肉,512,512,True,False,8fc975f82f9dcb27ee4e01182d52cea8b719b6d14a7315a79383714c9f224dbc,521a9d2e63c4149fa11bba839f450ea0bbe9cfd4640c04d39d58601594a17d41,,
/assets/library/food-combinations/green_pepper_scrambled_eggs.png,青椒炒蛋,512,512,True,False,4219ce17e02164adc0597d9f66d28e949fd57b89be179ade6b132c0d9c644b55,fc6c66267a94c6566ca3c38c60110ca3735d62f40aeb539dc6cbf91dc0f9f26c,,
/assets/library/food-combinations/grilled_chicken_salad.png,鸡肉沙拉,512,512,True,False,c5d1885a62d8bc211594e7a59c217f31aed0b150d76d04c3b1c590ad301a3568,3f7e34484da41e30c32893a0a39d2a5f4090d36757f9b72d9831763d3d8545c5,,
/assets/library/food-combinations/mapo_tofu.png,麻婆豆腐,512,512,True,False,9d00b6e40c24d4edc0b75804912028b368fd6a94640bece2d90e873532dcafd7,794a8d00d6370d062378f9c092b592e0147681fd282be539e372f7e369ced8d9,,
/assets/library/food-combinations/mushroom_tofu_soup.png,香菇豆腐汤,512,512,True,False,d2ede5be45b7f28431d510cfacce002744c6bbf6c704ae3a2224c7dff337611c,6be0f640bd1fb3faacbdcb606a19ebc2ea29f170fb37d4a5228ab90d92d98a4f,香菇豆腐汤,
/assets/library/food-combinations/pumpkin_soup.png,南瓜浓汤,512,512,True,False,a35acb1f3de8cc776dd108250835e5142641ed412f910445e33c14a01a92fe74,f98360147ec3eb181fe9f99f7045bf6e4167965eb658b8959c9cb906fc7df13c,,
/assets/library/food-combinations/salmon_asparagus.png,香煎三文鱼配芦笋,512,512,True,False,4c697e82ef6e1076dc4f147287f399725323eb2f7e39cb2f2925538f9df5510e,1fef68a65f07b4d90879c9e9c6a9c3664ad05123bee4d4780ecc1a2d6a18bfc4,,
/assets/library/food-combinations/shrimp_avocado_salad.png,牛油果虾仁沙拉,512,512,True,False,e8ac4693b245bf277d26312062952d52f987c488a2a221102b3166de20c78d1e,6412172607f4eaa3ca4f22c9ca2e904329e265f3182b94b7d7a94ed97c333b3e,,
/assets/library/food-combinations/shrimp_fried_rice.png,虾仁炒饭,512,512,True,False,60933e16b704a7e3de1fa74c6f92a8adfff1353f013a9271d1b43aec28304695,aa3b4d8c9f3d85b999ac729e38393a5b8ab7c6628d17cc76b366a53c257e14e0,,
/assets/library/food-combinations/steamed_rice.png,米饭,512,512,True,False,24a19081e927f875dcab96caee1f0c2f9bcdde907fb4e3c705a90d2c811fe4b6,c1be66eadf6e87b5e872c87cc3fa966ae5dc39f10b1a0304e1f0dd8c6fef1697,,
/assets/library/food-combinations/tomato_pasta.png,番茄意面,512,512,True,False,a292489c758bfaf88bfe5b2d81bd997ea95ee0317b8ce4c35f2462dfb947a3a3,4c981eae1844126a11383d8ece574b2a9f32ce2faa7591d76919341bda58fc84,,
/assets/library/food-combinations/tomato_scrambled_eggs.png,番茄炒蛋,512,512,True,False,78f198036c407e77b5f81d9db2333d7c12ed550da3f36d7f6967710882ce3807,3e47d414acc98e23d9b39862161d392a47fe2ba6242fc061b8efa01a9fab390e,,
/assets/library/food-combinations/wonton_soup.png,馄饨汤,512,512,True,False,eb027e3890feddce198b20ba6b85bf39fe84a26fa1e1e7b9d8269dab6a3b9eae,514902277db49ed7d56a866f1e951a8defb2247a7f21503095bea0d4caa42f86,,
/assets/library/food-complete/baozi_steam.png,包子,768,768,True,False,36e6ff55f2387518a0bf8d259081f51c2acc31ff9d81d718cb0bafbc9fed300c,75944a4c4cd660469cc108e3994e0fa89aec5173887dae82f98c107002a8b5c4,,
/assets/library/food-complete/beef_noodles_boil.png,牛肉汤面,768,768,True,False,538de5db19181bb97113ae3febd9c3e93e19554291b9fb48501e8ea44fb62534,bf747cdd10014c7829ebd7d922115b57d0ea89860eb5f0a31d1873fe8e6ab77d,,
/assets/library/food-complete/beef_potato_braise.png,土豆炖牛肉,768,768,True,False,eb7a46f2538e5fa043fb84522cadba7aabe9bbb0a209030e5c054b84d8b7f4d7,dc795efd2e362e8a361f4857986a713340d605fad18112148270fe7ef642f33e,,
/assets/library/food-complete/bell_pepper_beef_stir_fry.png,青椒牛肉,768,768,True,False,dedbf1e8b6cf2e2896cd5442c0e754e277ac1950eaf181c93f5dcb3aafa0b2eb,b8cfc6f655dd478c265db5a83ce9ea26255c6fab0fe926b584dac1847312d3ed,,
/assets/library/food-complete/bell_pepper_egg_stir_fry.png,青椒炒蛋,768,768,True,False,efe660bf30a0d5276ba323ea54da297fede4874fc678e8978bd9853dfd34a781,7e5152b6478d4638c54da52e253ed5461a66ac92c2e94bf7864d943bec876c97,,
/assets/library/food-complete/bokchoy_stir_fry.png,蒜蓉青菜,768,768,True,False,1e199294dc41c6bec2d3fe81cc9a2d1539235fb14058bed6f8916a9274346dcc,572a3148041b3aeb31144658d6f918a93bf454a2f113d4bed660c26011d0ad74,,
/assets/library/food-complete/broccoli_mushroom_stir_fry.png,broccoli_mushroom_stir_fry,768,768,True,False,4db642f3f3246a4e916f17924293e8524218e1e635323d74cd8c040c618d6a8e,e09ead580c2ac97cadab1dcc47c57c22fa0f211f6ce7402f2b8eb1b51049d2c7,,
/assets/library/food-complete/broccoli_shrimp_stir_fry.png,西兰花炒虾仁,768,768,True,False,99d85ca798b4350dbb921b55fc9fc5ea89666f3e05ba38e4330e010469d3ed07,848ada3399cac2c484c21ffddf69b393c87e9b4e21aee932543ae97cbb5f5703,,
/assets/library/food-complete/broccoli_stir_fry.png,清炒西兰花,768,768,True,False,84a059d93003967e8895e0c05253019cb7403eb0956ec54db8279dd5ac7338ef,38dc2c5187ba1dd4e9a54511bde3292894d40a5d102936efc5cd61807685eb3d,,
/assets/library/food-complete/chicken_lettuce_mix.png,鸡肉沙拉,768,768,True,False,9c19beba956140ba8412edf5b7e1722b252dd6f9bbd516364ab93045afa69834,8f90c472d418392f5ee312d5da67c37e2de3144968a1a27ab97579377f363574,,
/assets/library/food-complete/chicken_peanuts_chili_stir_fry.png,宫保鸡丁,768,768,True,False,a39534ee58216c251894982851390a46e27538ccf77131433160de2d83487396,c9c947614c9111906b0a5815f659bc0a21364082436d28bcdc7623c2642d8543,,
/assets/library/food-complete/chicken_wings_braise.png,红烧鸡翅,768,768,True,False,71a233c1be947a4795209a9765af1412b4d7d687984e6b1aef4a1a6dabf2ede8,65897e576bdce4f1ab766422f46cb8aae975800fac6f2e0a716e8ed1eb189b1c,,
/assets/library/food-complete/corn_pork_boil.png,corn_pork_boil,768,768,True,False,9c1a951f083da99468ad14ad3499ae86b4ef5feb2e4d130db77ede171f2e8ea6,553822aa4139810c969a5f4fd00f08d2854a5692178a5e6463f911401f4d1d21,,
/assets/library/food-complete/corn_shrimp_stir_fry.png,玉米虾仁,768,768,True,False,f2331463f1b3970be435fe55bca54d50374345c09b57f46bf3f0eafccd108a8b,34b11be315f091de7c3298d6fd6f2dd62ea0d13c17e83bf8ffd8511975cb8195,,
/assets/library/food-complete/dumpling_pan_fry.png,煎饺,768,768,True,False,5607797a14b15637a1566590ec95e48cedf47662dbd571b482deaa3824663f0a,42925e3e3b3d93fdb1cf576ee0ab3a658628797177fbcf62d1e0df63b38c0634,,
/assets/library/food-complete/egg_cheese_pan_fry.png,芝士蛋饼,768,768,True,False,fea51434f457607a594727a6749d30ce916ed8db6568d061f510692107d8efb7,7bbb003a082d293960ad889a956764917f9c82465ceec5703d13da88a0968d7c,芝士蛋饼,
/assets/library/food-complete/egg_pan_fry.png,煎蛋,768,768,True,False,8bfb3d8f8b45d885313a5d0d03edfcdf06f8155fe827ec425136d38e8be52e25,c5f029bc860d6561994eed573e3280134ed230c5b42eb7f464511f2e147a5834,,
/assets/library/food-complete/eggplant_stir_fry.png,蒜香茄子,768,768,True,False,886e5eb531c92523358e289de696ea09d0f208634b584b31e6686bef5b69af37,c015c6493af5154f6eda8a9b6f4a6f1ed8b2f7f0640180bcfa4677d288ff6770,,
/assets/library/food-complete/fish_pickled_cabbage_boil.png,酸菜鱼,768,768,True,False,e1d1f2d0be6ab40526e432c79ea597b973822a70046011ed8d26086a273e47bb,38478730b65c9db0f57e85cc8babed788be07e7e8e77eb22fd32c1b1e1273aa0,,
/assets/library/food-complete/fish_steam.png,清蒸鱼,768,768,True,False,7bd2d6c9f868b5cb624f657e67f23e44ace800d17b623f4d298fa387885a358a,bd689066e8cbe82c2e135590cea334042b606700d2b1d2a9f5ab7cdf5f777942,,
/assets/library/food-complete/lettuce_stir_fry.png,蒜蓉生菜,768,768,True,False,406864aa224f89c2ed096b9f49850e051f47cf433cc54d334da5c6b92e53bc71,d541d80b6f02c1403063f439a23bdfeea91dbe957dc47f95b32c6173127d461a,,
/assets/library/food-complete/mushroom_noodles_boil.png,奶香蘑菇面,768,768,True,False,ba900f16869afad2a127caf78ff618526a68645099b87a6b1b440c442fd4922c,d7765aae2cf4b4530ef50a7631bfb292f4c53dcb59ee811315bc403555001bae,,
/assets/library/food-complete/mushroom_stir_fry.png,炒蘑菇,768,768,True,False,1b129e06d27952abce1924e415bf4ca3b3782ffb466e945f77dda43a705d23aa,896c42e1452c9eff8614c6919e6f3be955a5d7796630754ab25157bab6718949,,
/assets/library/food-complete/mushroom_tofu_boil.png,香菇豆腐汤,768,768,True,False,f86908e8c136018c21b6205462fa53db376c5666591c88d0e7f0e807a09d7850,a66f35a04a10ceaac1bba4bc4ab80d5066379803f6b08aa191b8eda212bd838e,,
/assets/library/food-complete/noodles_pork_egg_boil.png,拉面,768,768,True,False,0aaf45d9e8c260c1d59cb460e797f61e7e804fad0364f6ee358b3464a2f67dfd,f1f746698c83218635dc97ebf62e60d4b03771d24b069a46fdbd16bb5cca0329,,
/assets/library/food-complete/pork_belly_braise.png,红烧肉,768,768,True,False,e5a2ba6c07078d59357ac595bf87a151d578f3b0bf01b34a66583c7a52606279,8de58b9df97c6e319d2e8d458f6596fe1bb0c2a79eecc562c6e4928aa70106bf,,
/assets/library/food-complete/pork_carrot_wood_ear_stir_fry.png,鱼香肉丝,768,768,True,False,365fb0a6064aaa26d19154f2ca8561e636784f24cf9c339251ae7cabd79e13ed,86a103c186df701d46b3ed559cd9e856c2104edf65480db91fa309d8fc23b61c,,
/assets/library/food-complete/pork_deep_fry.png,糖醋里脊,768,768,True,False,1d8cee142a1251fb9f38e2041d8b2b1d600aed378af3f7778276af1fed7b9566,214e60c9580b2a71bc5f4f9004c007ebb20979215d04240441cbbe205782da0e,,
/assets/library/food-complete/potato_stir_fry.png,炒土豆丝,768,768,True,False,2e777a30a85b6dbc2e5a4142318e583cfc681a0c39df2182c53038f051ad37a5,16fc594b825e48e3e7722df64e85c6271cddfaad57876c2d7584a9cb19797631,,
/assets/library/food-complete/pumpkin_boil.png,南瓜浓汤,768,768,True,False,a2647b732a75d6763d8f24cdc5dd7b698b03daa00e264ea7b1db57ccc1335fe2,c11f7bac54c468728ebe53c23464035d445e80dac77475856f4021211ed0e731,,
/assets/library/food-complete/rice_egg_carrot_stir_fry.png,蛋炒饭,768,768,True,False,4cdc8bb4507c36661ce526a8dd5f08d8950c86cff18b8ff71dee4037dfa10d75,fe1d86ad18c0823bf92dcc5ad255e0656f7a199cb099d36f4e45124922e724b5,,
/assets/library/food-complete/rice_steam.png,米饭,768,768,True,False,722307f21673f12401a447f6b25fcacbc581bd62d6dd900cab770423a2a372b8,5ee63da0d42c4554d5e80278eaac4a4ed48709329d8c3a58b638748abb77bf64,,
/assets/library/food-complete/salmon_asparagus_pan_fry.png,香煎三文鱼配芦笋,768,768,True,False,b8b5a5cc656f3bba54fe54874dd6dd159cdb0f446cb62cf6a87aea2b90134b13,0c00cc449576bf802d90f27dcfd4aaa597ebfb7e0e403f97979c0765343a7681,,
/assets/library/food-complete/salmon_pan_fry.png,salmon_pan_fry,768,768,True,False,848b7624c752c75f1e5b49ae60233be82029dcbba45ccd87bb276ab8e617e8a4,8782431590390a0df3c665277ee457599f2cf0b7d314e43162a68bfc325168be,,
/assets/library/food-complete/seaweed_egg_boil.png,紫菜蛋花汤,768,768,True,False,289e303d4756a84df80336fa96558a1cbffb946a6cbb9c8a532e6942f6ceb0e0,cb5b49862362cf91b40eeb5a26e4da7f44ae3b123d893cc4ebedd6d5d630b961,,
/assets/library/food-complete/shrimp_avocado_mix.png,牛油果虾仁沙拉,768,768,True,False,523000ba7cf67ffff255e555b6daaf49d3061d6af49851f73b32ceeb2e79149c,aa7699af289f3a4355a54fd400489e28d4020ba17b711e505e5d9d4af13a832d,,
/assets/library/food-complete/shrimp_rice_egg_stir_fry.png,虾仁炒饭,768,768,True,False,19b5e6aca125a371813db03489be76b01403a0275f83e4b675015df3036b58db,fe0ee06ada75015a2e26e0c6f5b79fe0aea92181238c5bf8c2e7244d173f36d9,,
/assets/library/food-complete/tofu_pork_chili_braise.png,麻婆豆腐,768,768,True,False,cb63d37063b54b4d51584e1cf36c4b86fa7fe8ce96da4cdeeccfa2eff688deb7,f2e7f4b05978fbc41cbfda1458b77d5aafc2cd6131904ff2ca96bdf262c99e94,,
/assets/library/food-complete/tomato_egg_boil.png,番茄蛋花汤,768,768,True,False,e8b2a608cee39aec8d6d7cae3dc1ad08e56790c700eb838ae62badf44e4afffd,20f22ea62fd902c4c39d0e3b0c092fba3422633f7e878d834e1fe3c69e98e4ad,,
/assets/library/food-complete/tomato_egg_stir_fry.png,番茄炒蛋,768,768,True,False,d6b7ad61662f8735f3b6f6d1c4eb5bf8efb434d1793e4b89c0d5c1f99ca753ee,7580277a7d233a38d0b0142901355dd142e2c76074e1b29e228c5a9a0c122bc9,,
/assets/library/food-complete/tomato_noodles_boil.png,tomato_noodles_boil,768,768,True,False,84d0766808c1d9398c43fd62c7c3e86cef14f1b4907442ae358460f52434b3d7,43bf4d496640138abae418ec3b7b3dd02a33b5046a2d9514c4e55db58a663174,,
/assets/library/food-complete/tomato_pork_noodles_boil.png,tomato_pork_noodles_boil,768,768,True,False,15a7a6793ae04c627a6f7c65d0ca6ad6c85009f8716c463c179339d0700605fa,6e77b27c625d4d70de9d7befb8470dc237ea45b57a6ea51bb5bbee87574634d1,,
/assets/library/food-complete/tomato_tofu_braise.png,番茄烧豆腐,768,768,True,False,419938f6ba099bdfc48a0cbf7ff33a50a0a7c02aef2fe5d2188ce9cfce100c72,1eff199b852ac55109deee449fdc75390a033ae8ebcc3e51d60664ae70757026,番茄烧豆腐,
/assets/library/food-complete/udon_shrimp_boil.png,天妇罗乌冬,768,768,True,False,c755d6fe8a7349c074ac7de2c73e2dcdbc3422a76377f3b3d09a573545636f3d,c4dbe0192155df9d1449727d75ec399354c3c7bbf8c2a6b24ea1dbc0a9d288f2,,
/assets/library/food-complete/winter_melon_meatball_boil.png,冬瓜丸子汤,768,768,True,False,9be7f80d2dbbd3d2ef6a878fd2dd517551a2ad74657ce760908ff80ddcb83866,4bb424008840e037f82a84b8dd4004d9f96c90af9b5be08786005fbd661ab17d,,
/assets/library/food-complete/wonton_boil.png,馄饨汤,768,768,True,False,fd3c140f6b169105cebcca3941325de4d86e9be78306f9e057864d4c9682be38,b34433ca831e89553541ff914214874af8abb7b3f0d540db256bef3977a3672f,,
/assets/library/food-expansion-24/baozi.png,包子,512,512,True,False,67096e31f5e1acdb74190dae549bf9d0749a9908a1a1aebf8174f5a56d9fd6be,ade36dc1ff706594d1f9ce684fcfd05d8fece182cf174727e94c6564150389f1,,
/assets/library/food-expansion-24/corn_shrimp.png,玉米虾仁,512,512,True,False,9dc4ad56b9dda1e68238de53bfcc3d51bf36162a12bee9b7d1b389804c8e1c8f,4792bd579cea8816c42d60584a51844bd6b8d85745895242a163d91941b476e1,,
/assets/library/food-expansion-24/dumplings.png,煎饺,512,512,True,False,82006c0af807be7cf62dffa30ad418d4ec1afd797b28692b509e3dcc2ad00b10,3b566aed59ddd34fa113196b91671e0fda9dc10feaa5d90493fb187f17177079,,
/assets/library/food-expansion-24/egg_fried_rice.png,蛋炒饭,512,512,True,False,76f69fc6616669785ff29db28b57f5936581ce10b3fc80ca4e973141fbe8ae78,07beab6555414a6a4e737d67c073fcfeb13811566d24a735fb526b58134ab791,蛋炒饭,
/assets/library/food-expansion-24/fish_fragrant_pork.png,鱼香肉丝,512,512,True,False,ff487fb4884f8d75a5851de8cc1e44fa3e16871ebd7086732bd8c19dc29c0ee7,3554ee92a44d8c706732bf7518848e200ec725c334917c52b1ce121520188b51,,
/assets/library/food-expansion-24/garlic_eggplant.png,蒜香茄子,512,512,True,False,05624e05ec32232244f67671b44f5c8312778f3f2c7decfcd2ee433f5d42daab,09512c76e1bf966b3c1cff9b0c3b87ab6d4c6a1cf1761bde2306ca478a35987a,,
/assets/library/food-expansion-24/garlic_lettuce.png,蒜蓉生菜,512,512,True,False,82d6a950a1251e8bc3c8d53f711661f7ddba9ab6d220ae7b0c4e367b47bfd31e,eda3b964b3b3833464b489d777885309d281df1af72bd3f8cfdab10d166f537c,蒜蓉生菜,
/assets/library/food-expansion-24/kung_pao_chicken.png,宫保鸡丁,512,512,True,False,6929233e865a9a385c7bfd6587c3d07010a30277d6f23968de60fd91d47bcd60,fe144a985a774fd90bf078bd457b3c2098d2991faee6fdffd6355285ec52a223,,
/assets/library/food-expansion-24/mushroom_pasta.png,蘑菇意面,512,512,True,False,a45cf9125aca267d9dbf66bc3a04f6ebac48c7f1b038714b1c4a3f3d9aff11c4,d60cfc5f689ae01b21afa0369150ebc2a245609ae2b1335c18c815c0de5400ee,,
/assets/library/food-expansion-24/ramen.png,拉面,512,512,True,False,be6b0b4bcb31e154bd1440cfa2eaf6839eba79a7a27715a7d17a1e4b984f4107,b72a885f6c827e47171f22d4db25f2fc5f839ffd6d6bb9d14600d0631b14a7bb,,
/assets/library/food-expansion-24/salmon_steak.png,香煎三文鱼,512,512,True,False,4ef594dfa474c937b8df4fd45918c5f841f058b26f8d3dafa684b175ec9762dd,a3da2405cad2cd813b5d2cbe7d310cc5997e88dbf426629c0b5c30fd89548e36,,
/assets/library/food-expansion-24/seaweed_egg_soup.png,紫菜蛋花汤,512,512,True,False,3aa9f7a0520a61a805487f96defc85abfcc8e5a35e9fc97352ffdac88935921c,d73dc0075b4bdd2aba80fe89f8e2333da6736da29c2fc5a21cff911b4fccd8dc,,
/assets/library/food-expansion-24/shiitake_tofu_soup.png,香菇豆腐汤,512,512,True,False,9594a69a8845c0ae9ebdaa498cc274a1cc8b704da861f274f553f82a65e5aa75,ed2f6c9299f3b088b29c7735c42e3a5b8a75495810f3a7878b4bc7d058c5c3d5,,
/assets/library/food-expansion-24/shrimp_broccoli.png,西兰花炒虾仁,512,512,True,False,0431bb497842e8999923950dbf97839cd2886856490a8ae7f30974ffe48cf61a,b12fa42d234836f6bfdbf33a77bb349dc964fab8f8bfe6a57943ce496879edf5,,
/assets/library/food-expansion-24/sour_cabbage_fish.png,酸菜鱼,512,512,True,False,33fe67629b3e6fdf789576958682d0eae13b09a12c8faa5ffad4723538ea25ad,b2ce74ef5b364098f384ede84ddfb77eb8fa94d85291cd6f64d167be0e106cf7,,
/assets/library/food-expansion-24/spaghetti_bolognese.png,番茄肉酱意面,512,512,True,False,c714937af6197b589eb392e79ea11dd219d1605bbdd5495b16b22c838b3d5e05,504cf299d33717adf3a20260c8ce339cf4ef258ee40c5abaeb09ccd38d68dcd4,,
/assets/library/food-expansion-24/steamed_fish.png,清蒸鱼,512,512,True,False,f96559ca314998bff5fa3a30da025a3691c4ad0336ecf4b77d6e33505be99e20,001fca6d45a8b2a9148cda0269e2de79ca1e905f1225dafe4681d40a7704b673,,
/assets/library/food-expansion-24/stir_fried_broccoli.png,清炒西兰花,512,512,True,False,14047535415b885917b02fd0ad373c0366f03327f830f98ed9fafe0c15542bba,16dc868e8c557a6db6e68838c5e4eb66591fd8dfe81d58abcda4503db3cee3df,,
/assets/library/food-expansion-24/stir_fried_mushrooms.png,炒蘑菇,512,512,True,False,60c3726275b9f0bdaaf67f1b4cc1a0dd4f7bca40b87e5224bea0e65fbae4f7f6,485f1d3c0940719cdcf1cb7e5e85d7bd4936b3347db3fccb1f89de9f6da3ad57,,
/assets/library/food-expansion-24/stir_fried_potato.png,醋溜土豆丝,512,512,True,False,0e3c388fbc60b857de6c66e7779d3ba8773801bff15c7007f5fe165843e14a2e,8c7098adf85e39061b208efee1933f1da188e5d19cb0821d163ca89486c8fad9,醋溜土豆丝,
/assets/library/food-expansion-24/sweet_sour_pork.png,糖醋里脊,512,512,True,False,8444d1b30751d77a812e896413f18eff517a1986d41726d394737bf76857f259,29b005afe031c2a32f1a02114011c35ee2d8c74a289cfb83beb3fabd96638af0,,
/assets/library/food-expansion-24/tomato_egg_soup.png,番茄蛋花汤,512,512,True,False,1f780b82599735f26cf82d2bc2c6d3fd907109ebc630cb3188b5c1a2483220c8,5b8c19316a9bc919df16f27ca5161f871b6c0416599757f380bd89ac7300026c,,
/assets/library/food-expansion-24/udon_tempura.png,天妇罗乌冬,512,512,True,False,027ceae7fcce0f6f3dbccc4e7f6f54c3756f7b2300a296d1ee84db1790d66c4d,d2ce286a9c82b76be862440f389d63632ece48d5c825ba50165b62ab10158dca,,
/assets/library/food-expansion-24/winter_melon_meatball_soup.png,冬瓜丸子汤,512,512,True,False,f1a4612168a357c5f3d6e18700cac8f70f046781e5698f4fa9db4e745a9875ab,fa0d2cfe8efb69191b29dbed2f0238c6afc1b83f119cb47d4973151dabdfefbf,,
/assets/library/supplement/food_cards/croissant.png,croissant,512,512,True,False,0f9acbb8acbb3a278508ec0fc98b2d5a169874097fc0f438366642e58433c4a3,1d012eb65084c6bd594932e0cd6d7e616d26a33d2740d08af9dcc9a4590feb41,,
/assets/library/supplement/food_cards/garden_salad.png,garden_salad,512,512,True,False,d73f94e6022fff774bf30fec3a465a5fde851cad445335e41f2c07d9cc3a340c,d4c299451ef6a76659360c7e09a650cfc33e9823c4e666aacb19ea577c65a3c1,,
/assets/library/supplement/food_cards/grilled_steak.png,grilled_steak,512,512,True,False,665f444e19af06eadfb23109d8e338fd21e2b247707ee80a740c161d98e07c1a,804bcdeff8bb2fb8020ef388ed09185beb61c6f1bbe0ae19813e07f6366560a0,,
/assets/library/supplement/food_cards/mango_dessert.png,mango_dessert,512,512,True,False,a4dce769edf0379eab392bb9b622e380e584a70e7d0e4492ae6a356c9ad90077,6b3b36f98862cb87fb3a4dabc0b8c35cfc46e1647c19950027b613cc140199c0,,
/assets/library/supplement/food_cards/matcha_cake.png,matcha_cake,512,512,True,False,a7b1e18ee45ec19db564adf667c425cbbf4af6c872645fe9151c64abab678a1f,2aeeb503ecb8a2dd9931c1af39bc0361ab558c5922fc95b9d4e24ab347356cd5,,
/assets/library/supplement/food_cards/pancakes.png,pancakes,512,512,True,False,d662058ba94880bc597f1c2cf4d6b2219ff1c9deb99be561ca6bfecd0afc1de5,1b25f108c88abd311690469d682f2d4b7a93d22496c0c44f38979742c5d00aa0,,
/assets/library/supplement/food_cards/poke_bowl.png,poke_bowl,512,512,True,False,fe473c92311a49ecdfbfb44e1607723fd60de82c107b579113d745dc3a8bc970,c18c49fa3a9bc86b4c728dbc0f89942ff780320f4fda4969e7e584733a313dba,,
/assets/library/supplement/food_cards/salmon_bento.png,salmon_bento,512,512,True,False,56a836ded56988aa191e84a5e350fa43a1401b61fc1d83662fe727d50cca9b6a,ee7fcb5dfeceb62e26ee96719bb0dffb57f16b89c3528c0067e9cb759a6bcaa2,,
/assets/library/supplement/food_cards/strawberry_roll_cake.png,strawberry_roll_cake,512,512,True,False,ab5f8019b40ed655b3c24a3cc8149cee64498c98708c9045db022846388a3306,897a3afe78d6495aabfc16a43466e53da7a871bdb23263333b2f4143f84b8de1,,
/assets/library/supplement/food_cards/sushi_plate.png,sushi_plate,512,512,True,False,99567cb70f21293642ff93e121ca1f025a39ae21ab602ee8ba69c83cc6349367,be4367474a00966fe5d66ffb0c55083023aa0de6eae5b612ebfb26dd4a06b093,,
/assets/library/supplement/food_cards/yakitori.png,yakitori,512,512,True,False,66eb83b6db5a626132dcae8f5a569b83ffd63846eb4fcc3c2fbc418c9c597852,c7499bed0c4160093946279aba25501f942bc54390b089c2a9d0a448d4edc747,,
/assets/library/v5/food_cards/beef_stir_fry.png,beef_stir_fry,512,512,True,False,2188bd57d7891a13c6fdc4a276c198408f0bee8983de957cafc19d57fc6b7699,621897be0f31ae6524244023cfcceddcbb5dda015830fa9fda66101d6a4e9e64,,
/assets/library/v5/food_cards/beef_wellington.png,beef_wellington,512,512,True,False,7f3d7eb1fdc38c9b03cf0b64c2b2cae32cf011d703311d2f01db0355afd23947,550be33fd0dd29e0a967d5eb880992c212be991591ef5e7689a7b1c06e975b7f,,
/assets/library/v5/food_cards/caprese_salad.png,caprese_salad,512,512,True,False,7116e53e88360d494db9bc5633dc1f21840bb5cf6bf4e035041f84c5e6d95dca,95552f316945a7dbce04ad9f876202095ed90e5b558a01d5f30ab401597645ab,,
/assets/library/v5/food_cards/curry_chicken_rice.png,curry_chicken_rice,512,512,True,False,05c1e4154af25283edd7e1028a888cfaa2e9503cc2802260f81a65663185f7fb,9e86746b9045d273bf9ec71bddc1b6561efea4ec6a60080d302f030f58d85bf0,,
/assets/library/v5/food_cards/fried_chicken.png,fried_chicken,512,512,True,False,12033841b5d78a87c8cf8dfb06602506b5d3ac7fcaa3d7c5b40b943712f51eb3,2db09d75a6be29dc87741f6864f8b99d6142a63fea0d701cc32cc25f218ba25b,,
/assets/library/v5/food_cards/garlic_lettuce.png,蒜蓉生菜,512,512,True,False,db13cebcc2a1e43b58684fe5ef998842cbeed7904e7a3cc3f6168b45805aa9d6,de22de7057ec0bea1232d521abe5d961501e004cd7621b646f06fa3f258218b5,,
/assets/library/v5/food_cards/gyoza.png,煎饺,512,512,True,False,037123c14d5007306b49b79045674805a43c4c1fa9667063c4ab21d60f93f1a3,0d78cf29ca89ffc484d954cf5869186b16878c89c11e143a960eff05e9ae3794,,
/assets/library/v5/food_cards/hotpot.png,hotpot,512,512,True,False,12a7be03a2f8926faa56c36cb5eac9fc6cac3c960149707b4f5843f004ed526c,0c6f5bb713129b0be63b5c17d847f455989381ce07129f7327910638a3d4873a,,
/assets/library/v5/food_cards/meat_sauce_pasta.png,meat_sauce_pasta,512,512,True,False,3b51cf8dcb24cd328d2cb89f8331e828a9ca2c129264f963367e49c6c3c3ca46,95885ae7610732ffcaf4e2baddc5e5b7dd061b48740a260374981447a92f3bc3,,
/assets/library/v5/food_cards/miso_soup.png,miso_soup,512,512,True,False,4dfabe473a6e37536fe17945fa2a39908734143421e08d10ba4fa17deeba545f,740cdc876d001e38b8e83966480b2e01ac3dd4d7814a7042f8653324e71ce7f1,,
/assets/library/v5/food_cards/salmon_steak.png,salmon_steak,512,512,True,False,5a9aecf94af7f0d3cd1fe733d971398820262c9147611c871aee3a6810947e77,4ef5cdde731cdd0f8c35916332b8c07615e7c0e918cd67b8a8e048970d0ac032,,
/assets/library/v5/food_cards/spicy_mapo_tofu.png,spicy_mapo_tofu,512,512,True,False,10a5a7e3cfcc84df91c30bcfda244ee90d11f17a8a3938b7639612a6c1d5d450,ad094f82dce627b031faad9ee6fc2903263b0e7ac093a14ddfc86ed9a96a7232,,
/assets/library/v5/food_cards/stir_fried_bokchoy.png,stir_fried_bokchoy,512,512,True,False,027f136c459fb4f1b3557d3183b76a89ac592a75e07c383105674838b344f401,1295d07d6ce537c7ff485fdda90fb41f663da2700321a24e5ca2f4e22a1937dc,,
/assets/library/v5/food_cards/teriyaki_chicken.png,teriyaki_chicken,512,512,True,False,c52b60dfc9c0e4a6fc36e3352b09165286f2326f7b6fa9d25c9d7f2543608397,eb196beda3c0ad5dd7ccea16a2f8992c76ad6ccacdfc8060a93c509251049962,,
/assets/library/v5/food_cards/tomato_egg.png,番茄炒蛋,512,512,True,False,99f51b654376ff15242d4e6fccb6388a9629d7fd8db812faf1e116e420aaa657,4b24cab52581c74fdf05a96d46d208d23e5d8604df22708be0d5e33dc6340419,,
/assets/library/v5/food_cards/tonkotsu_ramen.png,tonkotsu_ramen,512,512,True,False,3494134e6858bbf9e3e9b0027c47e5c3392791a4ef266808bdb4f39506793982,c014d985ee05c2f3b6c5218d339881a7b3d3bb6b506109fcc8fbf94597a77ce3,,
/assets/p0/food_cards/curry_chicken_rice.jpg,curry_chicken_rice,800,600,False,True,788457241156315bf5e2b94ec63dd30e004da62591949f1cc464cddc9bce8415,46ce50989b2e23f38d5653722eb254534dd67d8c55fe552fcc9e5290e247689d,,
/assets/p0/food_cards/garlic_lettuce.jpg,蒜蓉生菜,800,600,False,True,51010052aceea816892074bc3a0a150e431c0620db73eb08f9d15f07713cf61c,951245b35542a024e21ca509bf531d7c3c2dc3a15ae3ff3576f85eff7f843282,,
/assets/p0/food_cards/meat_sauce_pasta.jpg,meat_sauce_pasta,800,600,False,True,6cc3e66791f3e7648b6035afa1784753415a65cba7f7f15729ac6a603c509e99,4724b4481cac463bfb76a68c2bcfc36509e6bd088eb0ea804f80246ca709602b,,
/assets/p0/food_cards/tomato_egg.jpg,番茄炒蛋,800,600,False,True,a397c9df2abe47a5c4821453c55d21da8af12ff9e5823c7fed018392e7d2dfc4,d82c9988f29a92c1bb3a15c76c5a8339b2c70bcb0a57c3682f2bbd8d9893e314,,
/assets/tomato_scrambled_egg.png,番茄炒蛋,1448,1086,False,True,05de8f13135d33d5f2dcd7bb91c526e6d4bfa777c44d028fb2c5063678f90062,53acffd95b5034e4919bb0319bbb1688fddf7fd84daf5a12cc969e4d40d59b55,,
