pdf_page,screen_id,title,level,route_or_surface,primary_responsibility,next
1,ME-07,通用设置,L2,/me/settings,通知/隐私/缓存/关于,返回ME-01
2,ME-02,我的厨房,L2,/me/kitchen,长期厨房/灶位/厨具管理,ME-03/ME-04
3,ME-03,添加厨具,L3,/me/kitchen/add,搜索/分类添加厨具,ME-02
4,ME-04,编辑厨具,L3,/me/kitchen/cookware/:id,数量/可用状态/备注/删除,ME-02
5,ME-05,个人资料,L2,/me/profile,昵称/默认人数等长期资料,ME-01
6,ME-06,饮食限制,L2,/me/diet,过敏/绝对忌口/可编辑长期要求,ME-01
7,ONB-01,欢迎/登录,Task,/login,登录并开始设置,ONB-02
8,BASKET-01,菜篮首页,L1,/basket,当前周期/采购入口/真实库存/优先关注,BASKET-02/BASKET-04/BASKET-05
9,BASKET-02,再搭一篮,L2,/basket/plan,周期级意愿收集+从想吃的选锚点菜,BASKET-03
10,BASKET-03,AI食材建议,L2,/basket/recommendation,可编辑食材方案与建议量,BASKET-04
11,BASKET-04,本轮采购清单,L2,/basket/shopping,实际购买勾选/数量确认,BASKET-01/BASKET-05
12,BASKET-05,顺手买了,L2,/basket/capture,小票/食材图像识别候选+确认,返回来源
13,COOK-01,做饭首页/圆桌,L1,/cook,菜卡浏览/点心上桌/整餐食材汇总,COOK-02/COOK-03
14,COOK-03,整餐协同教程,L2,/cook/tutorial/:sessionId,多菜协同纵向教程/完成,BASKET-01/JOURNAL-01
15,COOK-02,换个方向,BottomSheet,sheet://cook-adjust,只调整当前这一顿候选,COOK-01
16,JOURNAL-01,食记,L1,/journal,吃过的/想吃的双Tab,JOURNAL-02
17,JOURNAL-02,拍照记一道,L2,/journal/camera,相机/相册,JOURNAL-03
18,JOURNAL-03,记录确认,L2,/journal/capture-confirm,菜名候选/日期/备注/保存位置,JOURNAL-01
19,ME-01,我的,L1,/me,长期资料/厨房/会员/设置,ME-02/05/06/07
20,ONB-02,基础资料,Task,/onboarding/profile,默认人数/昵称等基础资料,ONB-03
21,ONB-03,厨房识别,Task,/onboarding/kitchen,照片识别厨具候选并确认,ONB-04
22,ONB-04,设置完成,Task,/onboarding/complete,汇总稳定资料并开启第一篮,BASKET-01
