菜名,文件名,状态
照烧鸡肉饭,teriyaki_chicken_rice.png,已生成，已包含
拍黄瓜,cucumber_salad.png,已生成，已包含
蒜蓉菠菜,garlic_spinach.png,已生成，已包含
蒜蓉西兰花,broccoli_garlic.png,已生成，已包含
青椒炒肉,pepper_pork.png,已生成，已包含
香菇焖鸡,mushroom_chicken.png,已生成，已包含
玉米肉片汤,corn_pork_soup.png,已生成，已包含
蒸水蛋,steamed_egg.png,已生成，已包含
洋葱炒肉片,onion_beef_style_pork.png,已生成，已包含
亲子丼,oyakodon.png,已生成，已包含
日式土豆炖肉,japanese_potato_stew.png,已生成，已包含
豆腐鸡蛋盖饭,tofu_egg_rice.png,已生成，已包含
泡菜炒饭,kimchi_fried_rice.png,已生成，已包含
韩式豆腐汤,korean_tofu_soup.png,已生成，已包含
韩式酱烧土豆,korean_potato.png,已生成，已包含
番茄意面,tomato_pasta.png,已生成，已包含
土豆浓汤,potato_soup.png,已生成，已包含
青菜鸡蛋面,vegetable_noodles.png,已生成，已包含
黄瓜炒鸡蛋,cucumber_egg.png,已生成，已包含
