filename,中文名,size,mode,background,edge_qc
garlic_lettuce.png,蒜蓉生菜,512x512,RGBA,transparent,PASS
sweet_sour_pork.png,糖醋里脊,512x512,RGBA,transparent,PASS
stir_fried_potato.png,炒土豆丝,512x512,RGBA,transparent,PASS
steamed_fish.png,清蒸鱼,512x512,RGBA,transparent,PASS
salmon_steak.png,香煎三文鱼,512x512,RGBA,transparent,PASS
stir_fried_broccoli.png,清炒西兰花,512x512,RGBA,transparent,PASS
kung_pao_chicken.png,宫保鸡丁,512x512,RGBA,transparent,PASS
fish_fragrant_pork.png,鱼香肉丝,512x512,RGBA,transparent,PASS
garlic_eggplant.png,蒜香茄子,512x512,RGBA,transparent,PASS
stir_fried_mushrooms.png,炒蘑菇,512x512,RGBA,transparent,PASS
corn_shrimp.png,玉米虾仁,512x512,RGBA,transparent,PASS
shrimp_broccoli.png,西兰花炒虾仁,512x512,RGBA,transparent,PASS
sour_cabbage_fish.png,酸菜鱼,512x512,RGBA,transparent,PASS
winter_melon_meatball_soup.png,冬瓜丸子汤,512x512,RGBA,transparent,PASS
tomato_egg_soup.png,番茄蛋花汤,512x512,RGBA,transparent,PASS
shiitake_tofu_soup.png,香菇豆腐汤,512x512,RGBA,transparent,PASS
seaweed_egg_soup.png,紫菜蛋花汤,512x512,RGBA,transparent,PASS
egg_fried_rice.png,蛋炒饭,512x512,RGBA,transparent,PASS
spaghetti_bolognese.png,番茄肉酱意面,512x512,RGBA,transparent,PASS
mushroom_pasta.png,蘑菇意面,512x512,RGBA,transparent,PASS
ramen.png,拉面,512x512,RGBA,transparent,PASS
udon_tempura.png,天妇罗乌冬,512x512,RGBA,transparent,PASS
dumplings.png,煎饺,512x512,RGBA,transparent,PASS
baozi.png,包子,512x512,RGBA,transparent,PASS
