filename,中文名,size,background
tomato_scrambled_eggs.png,番茄炒蛋,512x512,transparent PNG
garlic_bok_choy.png,蒜蓉青菜,512x512,transparent PNG
mapo_tofu.png,麻婆豆腐,512x512,transparent PNG
green_pepper_beef.png,青椒牛肉,512x512,transparent PNG
mushroom_tofu_soup.png,香菇豆腐汤,512x512,transparent PNG
glazed_chicken_wings.png,红烧鸡翅,512x512,transparent PNG
salmon_asparagus.png,香煎三文鱼配芦笋,512x512,transparent PNG
shrimp_avocado_salad.png,牛油果虾仁沙拉,512x512,transparent PNG
braised_pork_belly.png,红烧肉,512x512,transparent PNG
green_pepper_scrambled_eggs.png,青椒炒蛋,512x512,transparent PNG
steamed_rice.png,米饭,512x512,transparent PNG
beef_noodle_soup.png,牛肉汤面,512x512,transparent PNG
tomato_pasta.png,番茄意面,512x512,transparent PNG
broccoli_mushroom_stir_fry.png,西兰花炒蘑菇,512x512,transparent PNG
shrimp_fried_rice.png,虾仁炒饭,512x512,transparent PNG
pumpkin_soup.png,南瓜浓汤,512x512,transparent PNG
fried_egg_plate.png,煎蛋,512x512,transparent PNG
beef_potato_stew.png,土豆炖牛肉,512x512,transparent PNG
wonton_soup.png,馄饨汤,512x512,transparent PNG
grilled_chicken_salad.png,鸡肉沙拉,512x512,transparent PNG
